Item ID,Item Name,Item Amount,Your Buy Price,Buy Price,Sell Price
24575,Superior Sigil of Bloodlust,116,1278,1278,1689
25990,Serpentstone,35,2298,2298,5076
27485,Deathwish,9,2345,2345,4099
97270,Saltspray Axe,12,2532,2532,4347
44976,Impaler,10,6610,6610,10089
20372,Demure Dye,51,406,406,1098
27791,Éibhear Finn,6,1959,1959,3694
44975,Shiverstone,20,2772,2773,3267
96760,Spindrift Hammer,26,2546,2546,3853
102135,Mist-Infused Master Tuning Crystal,53,1442,1442,1446
20530,Sage Dye,12,1486,1486,3800
101162,Grieving Consecrated Saryx Axe,2,82619,81000,147997
101271,Grieving Consecrated Saryx Dagger,4,83891,80087,169997
72392,Recipe: Svaard's Shoulderguard,4,234,234,1771
100048,Relic of the Ice,1,100104,100104,153899
44977,Cobalt,11,3240,3435,5784
104691,Lightborne Mace,2,142508,132643,184896
26152,Usoku's Needle,17,6489,6489,9992
100121,Viper's Abomination Greatsword,3,3218,3219,5182
44985,Crystal Guardian,3,6714,6714,9995
101996,Berserker's Serpent's Wrath Spear,6,32347,32702,51547
27328,Ebonblade,11,4347,4554,6793
100476,Viper's Abomination Dagger,11,51303,51303,71498
96051,Saltspray's Voice,12,2806,2806,4275
96146,Harmony,6,2358,2358,4475
97218,Spindrift Mace,4,2101,2102,5028
96284,Saltspray Sword,10,3173,3175,4502
101968,Berserker's Serpent's Wrath Rifle,2,5704,5714,10509
28262,Éibhear Dunn,4,1736,1738,3494
99842,Mist-Infused Maintenance Oil,250,672,691,915
87029,Avocado Smoothie,22,813,820,936
72163,Recipe: Svaard's Breastplate,12,127,127,1800
76968,Recipe: Svaard's Tassets,8,99,100,2417
79638,Jailbroken,4,4042,4042,7741
101214,Grieving Consecrated Saryx Sword,2,85435,75095,146324
97481,Unity,4,2217,2217,5438
44984,Crustacea,1,773104,773102,989799
96992,Recycler: Jade Slivers,4,29618,29620,43646
27338,Dhuumseal,2,2424,2425,4698
100092,Viper's Abomination Short Bow,1,20956,20960,30841
96542,Spindrift Dagger,66,2342,2338,4263
2135,Brutus' Pauldrons,8,1718,1724,2598
86170,Superior Sigil of the Stars,13,2478,2482,3313
100054,Viper's Abomination Torch,1,50205,50252,71108
1865,Koss' Legplates,5,1976,1977,2634
1644,Koss' Helm,5,1891,1892,2590
104,Norgu's Coat,6,1975,1976,4999
1641,Brutus' Helm,5,1783,1787,2672
38460,Toy Sword Skin,500,154,201,324
97041,Jade Bot Core: Tier 2,1,30936,31036,39999
2543,Ogden's Leggings,4,1933,1937,2946
47096,Crystalline Blade,60,2526,2472,4659
848,Koss' Greaves,6,1898,1899,2595
99653,Xunlai Deep-Mining Hand Drill,2,3289,3500,6496
73586,Recipe: Svaard's Guise,10,494,495,2407
76509,Recipe: Svaard's Footwear,6,57,57,4995
70772,Recipe: Svaard's Masque,24,23,24,3191
75709,Recipe: Svaard's Warfists,12,114,114,5773
99719,Repurposed Drill Leveler,2,3016,3999,7011
2141,Koss' Pauldrons,3,1812,1813,2712
1042,Koss' Chestguard,1,1872,1873,2859
93,Shiro's Mask,1,1907,1917,3063
1349,Koss' Gauntlets,1,1864,1868,2601
1035,Brutus' Chestguard,1,1612,1635,2664
44976,Impaler,19,6507,6610,10089
36065,Recipe: Superior Sigil of the Night,10,7,6,28
27485,Deathwish,9,2342,2345,4099
100947,Relic of Fireworks,3,111216,111006,130000
100659,Relic of the Water,1,101014,101015,149999
95923,Jade Assistant: Gliding Booster 1,4,75269,69020,99997
96477,Mount Energy Booster 1,21,2851,2853,4346
26152,Usoku's Needle,28,6485,6489,9992
79638,Jailbroken,18,4040,4042,7741
100916,Relic of the Thief,2,110503,121281,140988
96299,Jade Bot Core: Tier 8,1,184478,184478,250000
104761,Lightborne Spear,4,222200,221252,313130
24551,Superior Sigil of Water,91,678,681,780
24358,Ancient Bone,2,2011,2001,2301
89271,Pile of Lucent Crystal,51,1342,1214,1261
89271,Pile of Lucent Crystal,142,1343,1214,1261
89271,Pile of Lucent Crystal,53,1344,1214,1261
89216,Charm of Skill,11,8296,7920,8277
89216,Charm of Skill,33,8298,7920,8277
89103,Charm of Brilliance,7,2671,2456,2637
100646,Valkyrie Eagle Eye Pistol,1,1487,1486,1677
84731,Piece of Unidentified Gear,1250,213,207,213
24605,Superior Sigil of Geomancy,297,337,390,547
44969,Lord Taeres's Shadow,4,35368,35376,49999
26395,Anura,24,2153,2149,3225
86170,Superior Sigil of the Stars,81,2473,2482,3313
101981,Berserker's Serpent's Wrath Shield,1,3132,3133,8644
44964,Entropy,11,10283,9628,14059
70477,Berserker's Lightward's Battlestaff,2,470701,470311,600698
101997,Berserker's Serpent's Wrath Greatsword,1,17024,17376,26825
97691,Dragon's Scale,1,1050032,1030016,1555965
100173,Viper's Abomination Pistol,6,53772,44775,71281
77040,Recipe: Svaard's Striders,3,203,204,2387
71630,Berserker's Lightward's Battlehammer,1,217036,217101,379909
24618,Superior Sigil of Accuracy,44,4580,4811,5899
95582,Scavenger Protocol: Might Trophies,2,66385,66593,84081
49430,+7 Agony Infusion,30,10622,10708,13715
24575,Superior Sigil of Bloodlust,123,1267,1278,1689
95582,Scavenger Protocol: Might Trophies,8,67090,66593,84081
24567,Superior Sigil of Frailty,244,1001,1003,1559
26152,Usoku's Needle,44,6487,6489,9992
96871,Skiff Supercharger 1,1,21123,21124,60791
100542,Relic of the Cavalier,1,97916,97917,149699
24339,Corrupted Core,47,1098,1151,1223
24277,Pile of Crystalline Dust,31,1085,1141,1160
49433,+10 Agony Infusion,5,89077,100000,115440
96467,Jade Bot Core: Tier 6,3,114497,119596,148999
24560,Superior Sigil of Earth,244,1251,1501,1922
84,Zhed's Coat,7,10435,11106,15444
20725,Sour Dye,12,915,15,1000
38460,Toy Sword Skin,15,245,201,324
38460,Toy Sword Skin,250,246,201,324
24865,Superior Sigil of Celerity,8,40546,41600,58379
38467,Slingshot Skin,15,251,165,327
38458,Toy Staff Skin,265,279,216,323
49431,+8 Agony Infusion,2,21729,21724,27200
104787,Lightborne Sword,1,132597,136749,195000
100090,Relic of the Dragonhunter,2,91102,95001,117082
100794,Relic of Resistance,1,101817,111817,141106
810,Devona's Greaves,9,6601,6736,10951
2387,Zhed's Mask,10,6018,6070,9993
1858,Devona's Legplates,14,6140,6156,9391
2693,Zhed's Mantle,12,9736,10127,16760
646,Nika's Pauldrons,4,10311,12001,17489
24732,Superior Rune of Divinity,10,3418,4014,4925
1637,Devona's Helm,18,5626,5676,8885
576,Zhed's Boots,6,12693,13491,19999
2027,Zhed's Gloves,15,8132,8207,12500
714,Nika's Gloves,6,8898,9141,15895
208,Nika's Boots,8,9612,11814,18900
80,Nika's Mask,9,7813,9353,15776
27020,Adam,33,2471,2148,4962
2539,Zhed's Leggings,6,9535,10015,17303
27638,Magmaton,6,2196,2111,2846
100281,Viper's Abomination Shield,8,3328,3330,5396
24762,Superior Rune of the Krait,14,25487,25703,34374
93640,Berserker's Stormcaller Greatsword,2,143126,143019,212598
2128,Devona's Pauldrons,3,5367,5790,8825
100428,Viper's Abomination Rifle,2,2670,2678,6068
125,Nika's Coat,5,9804,10028,15447
101257,Grieving Consecrated Saryx Warhorn,2,83262,83268,143259
1333,Devona's Gauntlets,1,4270,4386,8000
1026,Devona's Chestguard,2,4210,5284,7794
20661,Blue Ice Dye,27,16,8,22
97020,Jade Bot Core: Tier 7,1,147181,147184,198499
20483,Old Penny Dye,55,42,41,60
9569,18 Slot Invisible Bag,10,20582,19835,26839
82876,Superior Sigil of Frenzy,12,11825,12404,18942
24572,Superior Sigil of Nullification,3,1000,1053,1831
71254,Recipe: Svaard's Pauldrons,9,104,105,1685
67181,Recipe: Superior Sigil of Cruelty,3,188,189,1000
100916,Relic of the Thief,2,110199,121281,140988
100148,Relic of Speed,1,100633,110083,145999
24583,Superior Sigil of Demons,10,607,608,1140
24667,Superior Sigil of Wrath,21,307,318,953
24584,Superior Sigil of Benevolence,16,547,555,1243
24703,Superior Rune of Infiltration,68,5943,6721,9899
82692,Sarthel, Concealing Truth of Severance,1,499994,436020,649992
100614,Relic of Evasion,1,140268,130340,189999
27020,Adam,66,2475,2148,4962
75148,Recipe: Svaard's Breeches,9,191,192,3989
76833,Writ of Masterful Accuracy,5,8107,6683,13020
104860,Lightborne Greatsword,2,233040,233045,299899
44947,Superior Sigil of Renewal,3,62019,62100,73186
24678,Superior Sigil of Justice,14,2093,2109,3291
96542,Spindrift Dagger,19,2344,2338,4263
82692,Sarthel, Concealing Truth of Severance,1,436473,436020,649992
82143,Forged Staff,1,262613,203030,323030
24562,Superior Sigil of Strength,24,52745,52590,67649
75915,Recipe: Svaard's Visor,8,32,32,3990
44950,Superior Sigil of Malice,8,43115,43249,55345
77316,Ghostly Infusion,1,610912,610803,779531
24639,Superior Sigil of Paralyzation,11,47048,47851,62547
101247,Grieving Consecrated Saryx Mace,1,80525,80537,141503
97112,Spindrift Sword,5,2774,2777,5096
27020,Adam,1,4495,2148,4962
27020,Adam,1,4496,2148,4962
27020,Adam,6,4497,2148,4962
27020,Adam,1,4498,2148,4962
27020,Adam,2,4499,2148,4962
100311,Relic of the Ogre,1,79703,74417,159994
100311,Relic of the Ogre,1,101221,74417,159994
100435,Relic of the Earth,1,98022,92191,147953
20650,Cobalt Dye,8,2197,2594,5794
97236,Spindrift Focus,1,1814,1817,3922
87029,Avocado Smoothie,117,884,820,936
72339,Superior Sigil of Concentration,2,575,540,556
93566,Berserker's Stormcaller Axe,1,150049,145058,223999
24658,Superior Sigil of Serpent Slaying,1,316,329,462
24582,Superior Sigil of Life,14,365,378,600
24809,Superior Sigil of Ghost Slaying,3,314,327,529
24571,Superior Sigil of Purity,2,511,560,959
94411,Giver's Candy Cane Shield of Concentration,6,1006,2010,2199
89419,Giver's Candy Cane Pistol of Concentration,6,1035,1909,2300
24672,Superior Sigil of Mad Scientists,1,355,364,532
24592,Superior Sigil of Stamina,2,651,714,869
24578,Superior Sigil of Corruption,3,316,395,539
95634,Crucible,12,3052,3052,5439
20604,Lilac Dye,23,1331,1553,4990
100054,Viper's Abomination Torch,10,53577,50252,71108
20460,Night Iris Dye,2,52,76,200
20647,Ancient Silver Dye,4,706,712,2713
9586,18 Slot Mithril Box,12,20011,20018,25616
24723,Superior Rune of the Eagle,60,1466,1658,2469
20448,Antique Olive Dye,47,11,3,25
44960,Bonetti's Rapier,6,49699,42302,58704
20636,Purple Ice Dye,55,374,136,259
85384,Touch of Madness,9,6112,6135,10398
20480,Gold Dye,33,76,75,109
48729,Monkshood of Dreams,1,95404,96575,201850
24612,Superior Sigil of Agony,79,1101,1240,1889
97339,Jade Bot Core: Tier 1,82,11217,8398,11996
44983,Arthropoda,1,720205,717174,918581
44989,Song of the Temptress,4,2307,2287,3196
48737,Haunting Cap of Dreams,1,28998,30061,49928
48730,Bloodlily of Dreams,1,108603,108602,179002
44986,Komalie's Sacrificial Blade,1,460239,560000,634300
28266,Bow of the White Hart,1,2086,2148,2846
24560,Superior Sigil of Earth,111,1250,1501,1922
100474,Viper's Abomination Mace,1,13911,15949,24333
44984,Crustacea,1,776015,773102,989799
2403,Berserker's Seer Mask of Rage,10,2066,2068,2860
9591,20 Slot Orichalcum Box,7,100061,100369,126999
44976,Impaler,5,6504,6610,10089
9569,18 Slot Invisible Bag,5,20999,19835,26839
24756,Superior Rune of the Ogre,6,30417,31811,43758
24732,Superior Rune of Divinity,15,3406,4014,4925
100868,Viper's Abomination Focus,1,3979,4058,10031
97020,Jade Bot Core: Tier 7,2,147180,147184,198499
89999,Superior Rune of Fireworks,6,23521,21928,29994
100092,Viper's Abomination Short Bow,4,20696,20960,30841
24762,Superior Rune of the Krait,4,26087,25703,34374
100866,Viper's Abomination Staff,1,34082,29022,43529
100866,Viper's Abomination Staff,2,27485,29022,43529
96284,Saltspray Sword,55,3224,3175,4502
100947,Relic of Fireworks,2,110013,111006,130000
2128,Devona's Pauldrons,9,5333,5790,8825
9491,15 Slot Invisible Bag,1,7759,7764,12394
576,Zhed's Boots,6,12022,13491,19999
100849,Relic of the Aristocracy,2,94434,100000,129899
125,Nika's Coat,1,9725,10028,15447
1026,Devona's Chestguard,5,4203,5284,7794
810,Devona's Greaves,4,6513,6736,10951
2027,Zhed's Gloves,2,8048,8207,12500
84,Zhed's Coat,4,8202,11106,15444
1637,Devona's Helm,5,5619,5676,8885
1858,Devona's Legplates,3,5706,6156,9391
1333,Devona's Gauntlets,2,4191,4386,8000
2387,Zhed's Mask,1,5985,6070,9993
208,Nika's Boots,3,9484,11814,18900
714,Nika's Gloves,2,8040,9141,15895
2539,Zhed's Leggings,4,8117,10015,17303
26380,Hypnotic Scepter,10,2262,2211,2945
44969,Lord Taeres's Shadow,21,37502,35376,49999
26395,Anura,3,2146,2149,3225
97270,Saltspray Axe,47,2660,2532,4347
44985,Crystal Guardian,6,5608,6714,9995
101963,Berserker's Serpent's Wrath Pistol,9,15602,12273,23128
28262,Éibhear Dunn,33,2221,1738,3494
97270,Saltspray Axe,55,2661,2532,4347
100866,Viper's Abomination Staff,20,48854,29022,43529
102039,Berserker's Serpent's Wrath Focus,8,9010,8047,14379
97270,Saltspray Axe,20,2662,2532,4347
44977,Cobalt,8,3230,3435,5784
96871,Skiff Supercharger 1,5,37001,21124,60791
25964,Jaws of Death,22,2284,1905,2399
101995,Berserker's Serpent's Wrath Scepter,2,5701,5719,12675
96760,Spindrift Hammer,20,2559,2546,3853
101968,Berserker's Serpent's Wrath Rifle,8,5780,5714,10509
27485,Deathwish,33,2449,2345,4099
44990,Razah's Nightmare,1,400122,450037,536638
104859,Lightborne Axe,2,130647,140763,184900
576,Zhed's Boots,14,11261,13491,19999
47096,Crystalline Blade,44,2596,2472,4659
104761,Lightborne Spear,1,221102,221252,313130
9591,20 Slot Orichalcum Box,10,100727,100369,126999
2070,Berserker's Seer Gloves of Vampirism,44,2163,2154,2980
27338,Dhuumseal,15,2204,2425,4698
44962,King's Remembrance,1,5367,5458,7556
44976,Impaler,20,6501,6610,10089
95710,Saltspray Dagger,55,2742,2530,4042
96668,Leopard Fang,55,3097,3101,4998
100090,Relic of the Dragonhunter,2,90579,95001,117082
44990,Razah's Nightmare,1,400122,450037,536638
76290,Recipe: Svaard's Wristguards,3,710,711,5999
9574,20 Slot Invisible Bag,2,112591,110000,135958
1026,Devona's Chestguard,24,4178,5284,7794
646,Nika's Pauldrons,44,9145,12001,17489
97284,Jade Bot Core: Tier 3,2,47599,55131,79999
27020,Adam,44,2572,2148,4962
576,Zhed's Boots,15,11243,13491,19999
24639,Superior Sigil of Paralyzation,22,50103,47851,62547
87029,Avocado Smoothie,100,921,820,936
100476,Viper's Abomination Dagger,3,51547,51303,71498
49434,+11 Agony Infusion,1,177789,180218,219865
2539,Zhed's Leggings,55,9740,10015,17303
2693,Zhed's Mantle,2,8748,10127,16760
79638,Jailbroken,28,3035,4042,7741
2387,Zhed's Mask,55,6213,6070,9993
100173,Viper's Abomination Pistol,8,53766,44775,71281
125,Nika's Coat,10,9575,10028,15447
86378,Corsair Sharpening Stone,1000,78,,105
27336,Khrysaor, the Golden Sword,22,2709,2726,4875
100429,Relic of Mercy,1,91436,91441,147894
26395,Anura,44,2446,2149,3225
44964,Entropy,7,10279,9628,14059
49435,+12 Agony Infusion,1,353763,373785,459880
96871,Skiff Supercharger 1,3,45004,21124,60791
96290,Spindrift Greatsword,14,3222,3260,5233
96955,Saltspray Greatsword,10,3127,3168,5386
24560,Superior Sigil of Earth,14,1196,1501,1922
100121,Viper's Abomination Greatsword,10,3010,3219,5182
24554,Superior Sigil of Air,9,1204,1550,1974
44960,Bonetti's Rapier,22,57715,42302,58704
27485,Deathwish,55,2401,2345,4099
24561,Superior Sigil of Rage,2,306,412,581
100054,Viper's Abomination Torch,1,61582,50252,71108
208,Nika's Boots,33,9430,11814,18900
1333,Devona's Gauntlets,24,3963,4386,8000
100476,Viper's Abomination Dagger,12,51552,51303,71498
714,Nika's Gloves,12,7877,9141,15895
24575,Superior Sigil of Bloodlust,222,1246,1278,1689
96628,Jade Bot Core: Tier 4,3,71740,65058,90000
100054,Viper's Abomination Torch,18,53560,50252,71108
100916,Relic of the Thief,6,112035,121281,140988
26395,Anura,44,2448,2149,3225
44975,Shiverstone,55,2953,2773,3267
96542,Spindrift Dagger,28,2340,2338,4263
102003,Berserker's Serpent's Wrath Longbow,2,5842,6033,12343
24554,Superior Sigil of Air,76,1104,1550,1974
101997,Berserker's Serpent's Wrath Greatsword,12,16025,17376,26825
95582,Scavenger Protocol: Might Trophies,3,66164,66593,84081
28430,Peasant's Solution,44,3227,3081,4500
102024,Berserker's Serpent's Wrath Sword,8,33705,31284,46963
102014,Berserker's Serpent's Wrath Staff,7,6009,6576,13788
67183,Ogre Sharpening Stone,60,1687,1575,2088
100551,Viper's Abomination Sword,15,26730,17606,29581
101981,Berserker's Serpent's Wrath Shield,1,3108,3133,8644
72832,Recipe: Svaard's Visage,7,885,890,6291
67183,Ogre Sharpening Stone,26,1688,1575,2088
72339,Superior Sigil of Concentration,240,1087,540,556
27338,Dhuumseal,44,2396,2425,4698
97041,Jade Bot Core: Tier 2,22,25310,31036,39999
97041,Jade Bot Core: Tier 2,33,27217,31036,39999
97041,Jade Bot Core: Tier 2,10,27851,31036,39999
9438,Quality Sharpening Stone,97,443,451,898
100494,Viper's Abomination Axe,12,21899,13941,22554
24624,Superior Sigil of Smoldering,40,2345,2349,2928
19721,Glob of Ectoplasm,55,2168,2010,2136
24277,Pile of Crystalline Dust,250,1185,1141,1160
102050,Berserker's Serpent's Wrath Axe,2,27736,33194,48567
97676,Spindrift Axe,55,2967,2140,5200
2387,Zhed's Mask,55,6220,6070,9993
24548,Superior Sigil of Fire,24,881,949,1392
24703,Superior Rune of Infiltration,10,4865,6721,9899
24732,Superior Rune of Divinity,38,3243,4014,4925
100947,Relic of Fireworks,1,105129,111006,130000
101996,Berserker's Serpent's Wrath Spear,7,16491,32702,51547
102023,Berserker's Serpent's Wrath Torch,2,2618,2974,8491
100092,Viper's Abomination Short Bow,3,20161,20960,30841
44977,Cobalt,26,3226,3435,5784
67531,Bountiful Sharpening Stone,69,2091,2095,2903
67368,Sharpening Skull,244,426,392,575
84,Zhed's Coat,3,5308,11106,15444
100148,Relic of Speed,2,105860,110083,145999
24612,Superior Sigil of Agony,2,1750,1240,1889
24612,Superior Sigil of Agony,5,1751,1240,1889
97339,Jade Bot Core: Tier 1,66,12232,8398,11996
9569,18 Slot Invisible Bag,13,20342,19835,26839
36053,Superior Sigil of the Night,39,4937,5001,7490
100674,Berserker's Shattered Rifle,9,3819,2976,6816
100219,Relic of the Herald,2,94360,80000,119499
100054,Viper's Abomination Torch,5,53558,50252,71108
94413,Giver's Candy Cane Rifle of Concentration,26,4514,1804,2220
24578,Superior Sigil of Corruption,66,300,395,539
97112,Spindrift Sword,10,2758,2777,5096
24612,Superior Sigil of Agony,62,1049,1240,1889
48735,Xanthium of Dreams,12,38680,30818,42500
94411,Giver's Candy Cane Shield of Concentration,36,4940,2010,2199
47096,Crystalline Blade,66,2613,2472,4659
44975,Shiverstone,22,3067,2773,3267
49434,+11 Agony Infusion,1,177353,180218,219865
49432,+9 Agony Infusion,5,44273,43209,50733
76100,Superior Rune of the Herald,4,28454,28567,38298
96284,Saltspray Sword,12,3210,3175,4502
24612,Superior Sigil of Agony,55,1047,1240,1889
89419,Giver's Candy Cane Pistol of Concentration,16,3045,1909,2300
24624,Superior Sigil of Smoldering,20,2342,2349,2928
104351,Sinister Scavenged Obsidian Spear,33,2945,2055,4682
24554,Superior Sigil of Air,19,1102,1550,1974
96955,Saltspray Greatsword,2,3116,3168,5386
36053,Superior Sigil of the Night,17,4936,5001,7490
96542,Spindrift Dagger,24,2339,2338,4263
714,Nika's Gloves,2,10176,9141,15895
100368,Relic of the Scourge,2,89968,89971,119899
100659,Relic of the Water,1,101009,101015,149999
100868,Viper's Abomination Focus,22,6806,4058,10031
571,Berserker's Seer Boots of the Dolyak,55,2277,2033,2830
100330,Berserker's Shattered Staff,22,6247,5055,8789
100173,Viper's Abomination Pistol,4,52930,44775,71281
100173,Viper's Abomination Pistol,6,55611,44775,71281
95923,Jade Assistant: Gliding Booster 1,3,80607,69020,99997
102003,Berserker's Serpent's Wrath Longbow,1,5840,6033,12343
28262,Éibhear Dunn,44,2402,1738,3494
96284,Saltspray Sword,7,3208,3175,4502
96955,Saltspray Greatsword,2,3109,3168,5386
97535,Scavenger Protocol: Magic Trophies,1,71115,72424,91251
97270,Saltspray Axe,4,2658,2532,4347
96051,Saltspray's Voice,1,2803,2806,4275
24865,Superior Sigil of Celerity,6,42188,41600,58379
79063,Flaxseed Harvesting Node,1,410000,570000,629999
97434,Spindrift Staff,44,2760,2415,4687
89398,Giver's Candy Cane Sword of Concentration,16,3265,1914,2389
24575,Superior Sigil of Bloodlust,41,1069,1278,1689
24723,Superior Rune of the Eagle,101,1336,1658,2469
24703,Superior Rune of Infiltration,77,5216,6721,9899
44976,Impaler,44,7969,6610,10089
100584,Viper's Abomination Hammer,8,3349,3363,5582
44990,Razah's Nightmare,1,394004,450037,536638
100739,Relic of the Reaper,2,99002,85002,119076
80,Nika's Mask,33,7588,9353,15776
1026,Devona's Chestguard,22,3802,5284,7794
2539,Zhed's Leggings,22,7005,10015,17303
576,Zhed's Boots,22,10127,13491,19999
2387,Zhed's Mask,44,6125,6070,9993
9586,18 Slot Mithril Box,40,19544,20018,25616
24639,Superior Sigil of Paralyzation,1,50010,47851,62547
100450,Relic of the Chronomancer,1,88001,89999,118593
1858,Devona's Legplates,38,3313,6156,9391
9571,20 Slot Gossamer Bag,2,101209,103007,120997
50082,Powerful Potion of Slaying Scarlet's Armies,217,220,247,344
104787,Lightborne Sword,2,132594,136749,195000
44976,Impaler,44,7975,6610,10089
2021,Berserker's Seer Gloves of the Centaur,22,2549,1908,4233
24711,Superior Rune of Vampirism,55,595,592,895
72339,Superior Sigil of Concentration,165,1051,540,556
1026,Devona's Chestguard,22,3866,5284,7794
2027,Zhed's Gloves,7,4692,8207,12500
2693,Zhed's Mantle,13,8143,10127,16760
84,Zhed's Coat,13,4433,11106,15444
1188,Nika's Leggings,33,8323,10930,17558
87029,Avocado Smoothie,89,891,820,936
44984,Crustacea,1,772814,773102,989799
97572,Rescue Protocol Recharge 1,5,40007,32202,44247
27798,Trosa's Short Bow,2,3173,2131,2610
27798,Trosa's Short Bow,3,3174,2131,2610
27798,Trosa's Short Bow,4,3175,2131,2610
27798,Trosa's Short Bow,1,3176,2131,2610
27328,Ebonblade,20,3291,4554,6793
96477,Mount Energy Booster 1,4,2601,2853,4346
24729,Superior Rune of Hoelbrak,23,2263,2401,2700
24554,Superior Sigil of Air,164,1071,1550,1974
97284,Jade Bot Core: Tier 3,1,42006,55131,79999
101996,Berserker's Serpent's Wrath Spear,5,33434,32702,51547
100428,Viper's Abomination Rifle,9,2149,2678,6068
24658,Superior Sigil of Serpent Slaying,26,298,329,462
44950,Superior Sigil of Malice,6,53636,43249,55345
2128,Devona's Pauldrons,11,3576,5790,8825
2027,Zhed's Gloves,33,6113,8207,12500
101973,Berserker's Serpent's Wrath Dagger,1,19162,23233,36819
125,Nika's Coat,33,8357,10028,15447
95904,Treasure Hunter Protocol 1,4,34885,30051,40375
27020,Adam,7,2320,2148,4962
27485,Deathwish,2,2294,2345,4099
97339,Jade Bot Core: Tier 1,1,10665,8398,11996
646,Nika's Pauldrons,33,8250,12001,17489
102003,Berserker's Serpent's Wrath Longbow,22,6999,6033,12343
100281,Viper's Abomination Shield,7,3334,3330,5396
100572,Viper's Abomination Warhorn,5,7218,5269,9489
72655,Opulent Defender,26,3277,2938,7570
100092,Viper's Abomination Short Bow,4,23003,20960,30841
100770,Viper's Abomination Scepter,6,46061,50033,70080
100494,Viper's Abomination Axe,5,21883,13941,22554
79,Berserker's Seer Coat of the Traveler,5,3265,3274,8063
91,Carrion Seer Coat of the Afflicted,12,2330,2386,2790
2538,Berserker's Seer Pants of the Traveler,16,2129,2149,2799
2692,Berserker's Seer Mantle of Vampirism,14,1677,1969,2923
82,Berserker's Seer Coat of the Afflicted,14,1822,1868,2857
100551,Viper's Abomination Sword,2,26699,17606,29581
24597,Superior Sigil of Hydromancy,55,1028,958,1380
100476,Viper's Abomination Dagger,2,50609,51303,71498
95923,Jade Assistant: Gliding Booster 1,3,81740,69020,99997
100281,Viper's Abomination Shield,5,3324,3330,5396
24675,Superior Sigil of Smothering,15,308,540,953
26395,Anura,14,2437,2149,3225
44985,Crystal Guardian,4,5010,6714,9995
100584,Viper's Abomination Hammer,5,3559,3363,5582
24583,Superior Sigil of Demons,46,609,608,1140
24624,Superior Sigil of Smoldering,115,2324,2349,2928
100493,Berserker's Shattered Greatsword,16,7018,7234,12175
24664,Superior Sigil of Demon Slaying,13,2634,2639,3451
9586,18 Slot Mithril Box,24,20515,20018,25616
100868,Viper's Abomination Focus,5,6702,4058,10031
96668,Leopard Fang,44,3100,3101,4998
100121,Viper's Abomination Greatsword,5,2660,3219,5182
100770,Viper's Abomination Scepter,2,46021,50033,70080
68634,Delicious Rice Ball,500,106,129,179
100866,Viper's Abomination Staff,3,48841,29022,43529
100054,Viper's Abomination Torch,8,53356,50252,71108
100092,Viper's Abomination Short Bow,1,19953,20960,30841
100866,Viper's Abomination Staff,8,49142,29022,43529
24776,Superior Rune of Lyssa,44,353,419,517
100868,Viper's Abomination Focus,7,6701,4058,10031
9586,18 Slot Mithril Box,15,20520,20018,25616
24601,Superior Sigil of Battle,17,710,558,917
24688,Superior Rune of the Lich,28,304,484,583
74326,Superior Sigil of Transference,2,50436,46103,59394
100054,Viper's Abomination Torch,3,53457,50252,71108
24762,Superior Rune of the Krait,24,27134,25703,34374
80978,Bloody Red Dye,3,8661,8560,10959
24578,Superior Sigil of Corruption,4,285,395,539
88118,Superior Rune of the Zephyrite,111,741,794,904
88118,Superior Rune of the Zephyrite,55,775,794,904
100092,Viper's Abomination Short Bow,6,24433,20960,30841
24609,Superior Sigil of Doom,26,37016,37218,47215
95634,Crucible,33,3055,3052,5439
24548,Superior Sigil of Fire,66,804,949,1392
71425,Superior Rune of the Berserker,12,40092,35115,44504
104721,Lightborne Rifle,1,210101,212627,299893
104691,Lightborne Mace,2,135006,132643,184896
104761,Lightborne Spear,4,232491,221252,313130
104918,Lightborne Torch,1,135257,135050,189990
95582,Scavenger Protocol: Might Trophies,3,70344,66593,84081
96508,Obliterator,33,2718,2104,4255
24548,Superior Sigil of Fire,111,845,949,1392
810,Devona's Greaves,4,3864,6736,10951
97535,Scavenger Protocol: Magic Trophies,1,67803,72424,91251
101997,Berserker's Serpent's Wrath Greatsword,5,15695,17376,26825
79793,Bowl of Winterberry Seaweed Salad,250,199,198,249
48911,Superior Sigil of Torment,4,140076,115199,150192
101996,Berserker's Serpent's Wrath Spear,5,36755,32702,51547
102050,Berserker's Serpent's Wrath Axe,6,39364,33194,48567
1637,Devona's Helm,23,3270,5676,8885
79786,Steak with Winterberry Sauce,100,1407,1120,1888
97339,Jade Bot Core: Tier 1,80,10644,8398,11996
9571,20 Slot Gossamer Bag,10,100454,103007,120997
1858,Devona's Legplates,5,3273,6156,9391
2128,Devona's Pauldrons,5,3330,5790,8825
1333,Devona's Gauntlets,5,3024,4386,8000
28591,Rhongomyniad,27,6663,5965,9062
2693,Zhed's Mantle,2,4170,10127,16760
24612,Superior Sigil of Agony,50,1013,1240,1889
714,Nika's Gloves,1,7579,9141,15895
96113,Saltspray Hammer,2,3384,1641,2999
96955,Saltspray Greatsword,39,3096,3168,5386
24605,Superior Sigil of Geomancy,117,374,390,547
100494,Viper's Abomination Axe,5,27027,13941,22554
100947,Relic of Fireworks,1,110821,111006,130000
79776,Winterberry Sorbet,47,528,975,1275
95995,Skoll and Hati,12,2753,2481,5099
810,Devona's Greaves,44,5069,6736,10951
104473,Sinister Scavenged Obsidian Sword,6,2307,2197,5115
100770,Viper's Abomination Scepter,5,47201,50033,70080
68635,Steamed Red Dumpling,250,11,10,25
87076,Bowl of Poultry Satay,20,14209,14017,14018
24678,Superior Sigil of Justice,1,3000,2109,3291
19721,Glob of Ectoplasm,200,2390,2010,2136
100476,Viper's Abomination Dagger,8,59230,51303,71498
24583,Superior Sigil of Demons,19,607,608,1140
84,Zhed's Coat,44,9309,11106,15444
68093,Ghost Pepper Harvesting Node,1,850011,1210000,1589999
24624,Superior Sigil of Smoldering,66,2317,2349,2928
104345,Sinister Scavenged Obsidian Greatsword,14,2308,2163,5430
44975,Shiverstone,33,3001,2773,3267
100659,Relic of the Water,1,103055,101015,149999
97112,Spindrift Sword,6,2737,2777,5096
96290,Spindrift Greatsword,44,3070,3260,5233
100173,Viper's Abomination Pistol,8,59751,44775,71281
24618,Superior Sigil of Accuracy,111,4631,4811,5899
100551,Viper's Abomination Sword,3,30005,17606,29581
24548,Superior Sigil of Fire,44,847,949,1392
95784,Prosperity,22,2535,2134,5000
96048,Haetae,25,2308,1857,3366
96179,Spindrift Rifle,1,2156,2181,3491
100121,Viper's Abomination Greatsword,8,2740,3219,5182
26135,Moonshank,6,2358,2104,2791
20316,Black Lion Chest,6,60,58,88
2693,Zhed's Mantle,22,10997,10127,16760
96284,Saltspray Sword,2,3179,3175,4502
24756,Superior Rune of the Ogre,12,27005,31811,43758
47087,Al'ir'aska,5,3808,3793,7286
99965,Relic of the Flock,1,114791,113463,149691
27336,Khrysaor, the Golden Sword,6,2650,2726,4875
36339,Ghastly Grinning Shield Skin,1,5555555,4500515,6469696
24612,Superior Sigil of Agony,1,1012,1240,1889
1637,Devona's Helm,44,3892,5676,8885
44989,Song of the Temptress,1,2136,2287,3196
576,Zhed's Boots,44,13035,13491,19999
2387,Zhed's Mask,44,7435,6070,9993
47083,Glimmerfang,1,2365,2111,3615
27485,Deathwish,1,2125,2345,4099
26874,Kodanroar,1,2326,2325,2992
47099,The Hunt,1,2168,1697,3147
24612,Superior Sigil of Agony,122,1507,1240,1889
96146,Harmony,3,2360,2358,4475
97481,Unity,12,3112,2217,5438
2128,Devona's Pauldrons,44,4219,5790,8825
28591,Rhongomyniad,1,6661,5965,9062
24821,Superior Rune of the Warrior,6,37993,35299,41914
208,Nika's Boots,22,10045,11814,18900
2027,Zhed's Gloves,44,8035,8207,12500
26541,Kryta's Embrace,33,2314,2171,2495
100428,Viper's Abomination Rifle,6,3057,2678,6068
72119,Berserker's Ley Guard's Protector,5,14006,14513,23800
100156,Berserker's Shattered Short Bow,12,3174,2526,6169
96179,Spindrift Rifle,4,2155,2181,3491
84505,Superior Sigil of Severance,47,757,820,1209
1333,Devona's Gauntlets,44,3456,4386,8000
75148,Recipe: Svaard's Breeches,21,193,192,3989
1858,Devona's Legplates,44,3707,6156,9391
80,Nika's Mask,33,8759,9353,15776
96955,Saltspray Greatsword,66,3096,3168,5386
2539,Zhed's Leggings,22,8088,10015,17303
101981,Berserker's Serpent's Wrath Shield,5,3674,3133,8644
96284,Saltspray Sword,44,3507,3175,4502
24639,Superior Sigil of Paralyzation,10,55705,47851,62547
47096,Crystalline Blade,35,2599,2472,4659
26380,Hypnotic Scepter,24,2207,2211,2945
97284,Jade Bot Core: Tier 3,21,53712,55131,79999
1026,Devona's Chestguard,4,3799,5284,7794
36053,Superior Sigil of the Night,34,4931,5001,7490
72339,Superior Sigil of Concentration,110,1144,540,556
47083,Glimmerfang,33,2545,2111,3615
24560,Superior Sigil of Earth,122,1453,1501,1922
95864,Jade Bot Core: Tier 5,16,108920,82571,130000
44950,Superior Sigil of Malice,6,60675,43249,55345
97041,Jade Bot Core: Tier 2,21,30736,31036,39999
47092,Rivetwall,24,2413,2356,2667
72339,Superior Sigil of Concentration,1,255,540,556
95997,Final Verdict,33,2440,1986,4672
1637,Devona's Helm,47,3809,5676,8885
24560,Superior Sigil of Earth,111,1454,1501,1922
96284,Saltspray Sword,55,3510,3175,4502
97112,Spindrift Sword,16,2732,2777,5096
97535,Scavenger Protocol: Magic Trophies,14,77779,72424,91251
24612,Superior Sigil of Agony,66,1602,1240,1889
96467,Jade Bot Core: Tier 6,21,141015,119596,148999
24664,Superior Sigil of Demon Slaying,18,2632,2639,3451
24639,Superior Sigil of Paralyzation,10,55808,47851,62547
24551,Superior Sigil of Water,56,627,681,780
24601,Superior Sigil of Battle,28,691,558,917
24578,Superior Sigil of Corruption,8,282,395,539
96668,Leopard Fang,33,4098,3101,4998
208,Nika's Boots,22,11002,11814,18900
96760,Spindrift Hammer,33,2687,2546,3853
28272,Eir's Longbow,33,2725,2177,5134
97020,Jade Bot Core: Tier 7,11,170409,147184,198499
44956,Superior Rune of Tormenting,18,47528,42755,54842
83338,Superior Rune of the Firebrand,12,8083,7573,10673
47099,The Hunt,24,2396,1697,3147
36053,Superior Sigil of the Night,33,4947,5001,7490
89999,Superior Rune of Fireworks,13,4706,21928,29994
24723,Superior Rune of the Eagle,39,1317,1658,2469
76166,Superior Rune of the Tempest,18,30082,24025,32000
96600,Bellkeeper's Staff,22,2821,2538,4799
26395,Anura,33,2429,2149,3225
24797,Superior Rune of the Flame Legion,2,1524,935,1505
72339,Superior Sigil of Concentration,222,1146,540,556
96955,Saltspray Greatsword,44,3097,3168,5386
24839,Superior Rune of the Water,10,49566,46054,55684
27020,Adam,33,2502,2148,4962
75709,Recipe: Svaard's Warfists,10,116,114,5773
24732,Superior Rune of Divinity,33,3529,4014,4925
24699,Superior Rune of the Dolyak,11,416,428,626
96504,Spindrift Short Bow,33,2361,2100,3185
24708,Superior Rune of Mercy,8,359,474,648
24592,Superior Sigil of Stamina,2,590,714,869
24599,Superior Sigil of Leeching,7,302,384,936
24738,Superior Rune of Scavenging,1,641,886,1004
96403,Gate of Heaven,2,4195,3188,4188
96403,Gate of Heaven,2,4196,3188,4188
96403,Gate of Heaven,2,4198,3188,4188
96299,Jade Bot Core: Tier 8,11,220007,184478,250000
84505,Superior Sigil of Severance,111,757,820,1209
95710,Saltspray Dagger,88,2817,2530,4042
75915,Recipe: Svaard's Visor,11,35,32,3990
24589,Superior Sigil of Speed,22,3701,2756,3700
96542,Spindrift Dagger,33,2369,2338,4263
27485,Deathwish,44,2851,2345,4099
101968,Berserker's Serpent's Wrath Rifle,7,5777,5714,10509
44947,Superior Sigil of Renewal,4,83861,62100,73186
24560,Superior Sigil of Earth,222,1459,1501,1922
24607,Superior Sigil of Energy,22,5651,5679,7411
125,Nika's Coat,22,9198,10028,15447
24575,Superior Sigil of Bloodlust,222,1221,1278,1689
96403,Gate of Heaven,33,3249,3188,4188
96673,Saltspray Pistol,55,2731,2146,3873
24675,Superior Sigil of Smothering,2,304,540,953
97766,Tahkayun's Blade,24,2461,2062,4045
97781,Saltspray Staff,55,2817,2258,3157
24648,Superior Sigil of Grawl Slaying,6,311,336,736
24561,Superior Sigil of Rage,33,369,412,581
2027,Zhed's Gloves,40,6901,8207,12500
28430,Peasant's Solution,1,3175,3081,4500
47094,Serpentsniper,6,2325,2118,2697
27644,Ironfist,2,2298,2273,3273
44976,Impaler,5,7554,6610,10089
26152,Usoku's Needle,2,6416,6489,9992
24675,Superior Sigil of Smothering,1,655,540,953
2027,Zhed's Gloves,1,11923,8207,12500
1188,Nika's Leggings,1,16825,10930,17558
1188,Nika's Leggings,1,16826,10930,17558
97270,Saltspray Axe,55,2787,2532,4347
2387,Zhed's Mask,20,7201,6070,9993
24791,Superior Rune of the Wurm,24,2304,2096,3190
96070,Jade Bot Core: Tier 9,5,304997,230210,287999
96113,Saltspray Hammer,55,2636,1641,2999
96384,Saltspray Mace,55,2785,2112,2793
810,Devona's Greaves,40,3789,6736,10951
84,Zhed's Coat,44,8242,11106,15444
1188,Nika's Leggings,22,12783,10930,17558
24818,Superior Rune of the Thief,10,10031,10389,15188
2539,Zhed's Leggings,13,5160,10015,17303
2693,Zhed's Mantle,28,9400,10127,16760
97244,Saltspray Focus,33,2741,1444,2808
2693,Zhed's Mantle,2,1721,10127,16760
24612,Superior Sigil of Agony,1,2297,1240,1889
24765,Superior Rune of Balthazar,1,1084,464,900
24765,Superior Rune of Balthazar,3,1086,464,900
97434,Spindrift Staff,33,2871,2415,4687
646,Nika's Pauldrons,2,9238,12001,17489
96051,Saltspray's Voice,33,3079,2806,4275
80,Nika's Mask,1,7993,9353,15776
20316,Black Lion Chest,8,51,58,88
20316,Black Lion Chest,1,50,58,88
2027,Zhed's Gloves,23,6803,8207,12500
24672,Superior Sigil of Mad Scientists,1,823,364,532
2693,Zhed's Mantle,47,10206,10127,16760
96179,Spindrift Rifle,33,3120,2181,3491
2128,Devona's Pauldrons,13,3404,5790,8825
97832,Saltspray Warhorn,22,2793,2281,2986
1188,Nika's Leggings,47,12886,10930,17558
1026,Devona's Chestguard,47,4345,5284,7794
84,Zhed's Coat,47,9418,11106,15444
208,Nika's Boots,47,14626,11814,18900
97091,Spindrift Pistol,2,2491,2087,4844
96255,Saltspray Short Bow,11,2649,2190,2658
97339,Jade Bot Core: Tier 1,40,13311,8398,11996
646,Nika's Pauldrons,47,11752,12001,17489
2539,Zhed's Leggings,47,9841,10015,17303
26395,Anura,24,2539,2149,3225
2387,Zhed's Mask,44,8873,6070,9993
97742,Saltspray Rifle,12,2798,1978,2945
48911,Superior Sigil of Torment,2,148936,115199,150192
24809,Superior Sigil of Ghost Slaying,1,728,327,529
24642,Superior Sigil of Undead Slaying,1,597,322,651
24648,Superior Sigil of Grawl Slaying,1,467,336,736
8864,Potent Potion of Flame Legion Slaying,5,220,123,323
8873,Potent Potion of Ogre Slaying,5,186,137,186
47096,Crystalline Blade,24,2703,2472,4659
24655,Superior Sigil of Ogre Slaying,1,388,362,493
27485,Deathwish,24,3153,2345,4099
24277,Pile of Crystalline Dust,89,1294,1141,1160
24277,Pile of Crystalline Dust,88,1347,1141,1160
89216,Charm of Skill,28,8210,7920,8277
24288,Large Scale,36,67,66,67
89140,Lucent Mote,987,108,120,121
89140,Lucent Mote,13,107,120,121
95582,Scavenger Protocol: Might Trophies,20,84371,66593,84081
24723,Superior Rune of the Eagle,120,1807,1658,2469
96048,Haetae,1,2297,1857,3366
97602,Demise of the Dragon,2,2372,2408,4898
26541,Kryta's Embrace,7,2286,2171,2495
44976,Impaler,2,7541,6610,10089
99653,Xunlai Deep-Mining Hand Drill,1,3275,3500,6496
125,Nika's Coat,1,15095,10028,15447
72339,Superior Sigil of Concentration,111,1145,540,556
97288,Spindrift Shield,33,3028,2009,3294
95923,Jade Assistant: Gliding Booster 1,5,91819,69020,99997
44947,Superior Sigil of Renewal,6,84108,62100,73186
74326,Superior Sigil of Transference,5,50403,46103,59394
125,Nika's Coat,47,11615,10028,15447
24765,Superior Rune of Balthazar,222,694,464,900
80,Nika's Mask,47,11818,9353,15776
714,Nika's Gloves,47,11718,9141,15895
24592,Superior Sigil of Stamina,66,568,714,869
95981,Spindrift Scepter,15,2917,2110,3880
24797,Superior Rune of the Flame Legion,20,3121,935,1505
97676,Spindrift Axe,33,2896,2140,5200
24762,Superior Rune of the Krait,9,25212,25703,34374
97218,Spindrift Mace,33,3159,2102,5028
24580,Superior Sigil of Perception,2,270,455,674
24696,Superior Rune of the Flock,3,339,386,667
1858,Devona's Legplates,2,3325,6156,9391
576,Zhed's Boots,1,12893,13491,19999
24672,Superior Sigil of Mad Scientists,12,441,364,532
24684,Superior Sigil of Sorrow,1,583,325,542
24667,Superior Sigil of Wrath,1,456,318,953
19976,Mystic Coin,80,18051,20201,21215
24658,Superior Sigil of Serpent Slaying,133,444,329,462
714,Nika's Gloves,10,11615,9141,15895
208,Nika's Boots,21,14521,11814,18900
95864,Jade Bot Core: Tier 5,22,119032,82571,130000
714,Nika's Gloves,33,11616,9141,15895
646,Nika's Pauldrons,4,11530,12001,17489
80,Nika's Mask,33,12001,9353,15776
97781,Saltspray Staff,48,2869,2258,3157
97270,Saltspray Axe,44,2813,2532,4347
97359,Spindrift Warhorn,11,2897,2000,3196
24605,Superior Sigil of Geomancy,111,403,390,547
96673,Saltspray Pistol,55,2751,2146,3873
97020,Jade Bot Core: Tier 7,11,170308,147184,198499
96542,Spindrift Dagger,33,2906,2338,4263
100042,Berserker's Shattered Scepter,4,3014,3033,7265
95904,Treasure Hunter Protocol 1,12,40641,30051,40375
96955,Saltspray Greatsword,45,3096,3168,5386
96113,Saltspray Hammer,33,2772,1641,2999
24578,Superior Sigil of Corruption,122,376,395,539
96384,Saltspray Mace,22,2806,2112,2793
94413,Giver's Candy Cane Rifle of Concentration,26,4513,1804,2220
97561,Saltspray Scepter,33,2769,1827,2643
97204,Spindrift Torch,11,2868,2296,3133
24583,Superior Sigil of Demons,34,782,608,1140
97244,Saltspray Focus,26,2891,1444,2808
95676,Spindrift Longbow,12,3097,1973,2587
1188,Nika's Leggings,9,12780,10930,17558
125,Nika's Coat,22,12013,10028,15447
24624,Superior Sigil of Smoldering,44,2251,2349,2928
100054,Viper's Abomination Torch,3,44153,50252,71108
100770,Viper's Abomination Scepter,2,40169,50033,70080
100551,Viper's Abomination Sword,4,12505,17606,29581
100085,Berserker's Shattered Warhorn,6,3003,1886,4451
96290,Spindrift Greatsword,2,2973,3260,5233
24618,Superior Sigil of Accuracy,1,3912,4811,5899
1026,Devona's Chestguard,33,3926,5284,7794
24639,Superior Sigil of Paralyzation,6,55146,47851,62547
2693,Zhed's Mantle,7,9020,10127,16760
24638,Major Sigil of Paralyzation,1,321,249,543
810,Devona's Greaves,33,3403,6736,10951
1858,Devona's Legplates,33,3502,6156,9391
2128,Devona's Pauldrons,14,3331,5790,8825
95923,Jade Assistant: Gliding Booster 1,11,90494,69020,99997
9586,18 Slot Mithril Box,6,18009,20018,25616
1637,Devona's Helm,33,4430,5676,8885
97535,Scavenger Protocol: Magic Trophies,4,66006,72424,91251
24589,Superior Sigil of Speed,5,4002,2756,3700
2539,Zhed's Leggings,18,7528,10015,17303
2027,Zhed's Gloves,9,5833,8207,12500
84,Zhed's Coat,28,7773,11106,15444
2387,Zhed's Mask,11,6513,6070,9993
24601,Superior Sigil of Battle,19,663,558,917
27485,Deathwish,33,3158,2345,4099
97339,Jade Bot Core: Tier 1,3,12597,8398,11996
9574,20 Slot Invisible Bag,1,110015,110000,135958
89404,Giver's Candy Cane Scepter of Concentration,22,3369,1855,1856
576,Zhed's Boots,1,9835,13491,19999
96628,Jade Bot Core: Tier 4,2,71023,65058,90000
97284,Jade Bot Core: Tier 3,1,43309,55131,79999
9569,18 Slot Invisible Bag,2,20147,19835,26839
97535,Scavenger Protocol: Magic Trophies,20,74066,72424,91251
95710,Saltspray Dagger,42,3155,2530,4042
95923,Jade Assistant: Gliding Booster 1,3,89714,69020,99997
96955,Saltspray Greatsword,66,3104,3168,5386
76635,Recipe: Svaard's Razor,26,116,92,1787
95948,Turtle Siege Enhancer 1,1,50002,70001,97500
97781,Saltspray Staff,22,3156,2258,3157
70880,Recipe: Svaard's Blade,21,114,114,2276
96467,Jade Bot Core: Tier 6,5,138451,119596,148999
70772,Recipe: Svaard's Masque,7,28,24,3191
76968,Recipe: Svaard's Tassets,14,99,100,2417
44964,Entropy,22,9497,9628,14059
1333,Devona's Gauntlets,30,3236,4386,8000
72463,Recipe: Svaard's Harpoon Gun,16,76,75,651
76180,Recipe: Svaard's Reaver,23,119,118,1275
810,Devona's Greaves,37,3397,6736,10951
73679,Berserker's Seer's Warstaff,6,19381,20304,28299
24554,Superior Sigil of Air,222,1778,1550,1974
97020,Jade Bot Core: Tier 7,10,170306,147184,198499
94411,Giver's Candy Cane Shield of Concentration,1,4933,2010,2199
96628,Jade Bot Core: Tier 4,2,63207,65058,90000
47909,Candy Corn Cob,16,40428,39013,41922
67386,Unopened Endless Bottle of Batwing Brew,1,888,599,1441
73430,Tattered Bat Wing,4,95201,97100,115000
1026,Devona's Chestguard,9,3848,5284,7794
2027,Zhed's Gloves,14,3662,8207,12500
2387,Zhed's Mask,16,3666,6070,9993
100088,Berserker's Shattered Shield,6,2899,2046,4889
94431,Giver's Candy Cane Focus of Concentration,13,3051,1885,2392
24618,Superior Sigil of Accuracy,77,3384,4811,5899
76166,Superior Rune of the Tempest,17,30073,24025,32000
73586,Recipe: Svaard's Guise,14,496,495,2407
36041,Piece of Candy Corn,3000,42,47,55
24615,Superior Sigil of Force,12,15542,31000,34996
44976,Impaler,1,4964,6610,10089
24723,Superior Rune of the Eagle,30,1233,1658,2469
84,Zhed's Coat,2,3462,11106,15444
576,Zhed's Boots,24,3719,13491,19999
1188,Nika's Leggings,28,11537,10930,17558
68091,Ancient Wood Logging Node,1,1060002,980001,1077699
24723,Superior Rune of the Eagle,111,1643,1658,2469
104761,Lightborne Spear,1,220006,221252,313130
44977,Cobalt,14,3200,3435,5784
208,Nika's Boots,13,11300,11814,18900
82791,Superior Rune of the Deadeye,18,11691,14226,19971
87029,Avocado Smoothie,250,659,820,936
97284,Jade Bot Core: Tier 3,1,40503,55131,79999
104705,Lightborne Staff,1,200121,245001,299899
44960,Bonetti's Rapier,1,27130,42302,58704
9586,18 Slot Mithril Box,12,17095,20018,25616
73586,Recipe: Svaard's Guise,2,497,495,2407
24839,Superior Rune of the Water,6,47002,46054,55684
646,Nika's Pauldrons,13,11520,12001,17489
91202,Peerless Infusion,1,1000162,1020630,1260617
125,Nika's Coat,11,11299,10028,15447
80,Nika's Mask,7,11726,9353,15776
2693,Zhed's Mantle,1,3581,10127,16760
1637,Devona's Helm,2,3281,5676,8885
83338,Superior Rune of the Firebrand,1,8058,7573,10673
1858,Devona's Legplates,3,3197,6156,9391
24691,Superior Rune of the Traveler,1,1123,1688,2473
36041,Piece of Candy Corn,1250,39,47,55
67375,Polyluminescent Undulating Refractor (Black),1,11765,11841,16593
1333,Devona's Gauntlets,11,3234,4386,8000
810,Devona's Greaves,55,3398,6736,10951
97535,Scavenger Protocol: Magic Trophies,7,73159,72424,91251
72832,Recipe: Svaard's Visage,21,885,890,6291
2387,Zhed's Mask,66,3665,6070,9993
1333,Devona's Gauntlets,44,3242,4386,8000
24836,Superior Rune of the Scholar,120,40020,35201,42799
76230,Recipe: Svaard's Doublet,54,16,117,3974
97284,Jade Bot Core: Tier 3,3,63232,55131,79999
95582,Scavenger Protocol: Might Trophies,5,75347,66593,84081
76290,Recipe: Svaard's Wristguards,1,711,711,5999
97339,Jade Bot Core: Tier 1,33,13811,8398,11996
44976,Impaler,42,4956,6610,10089
24554,Superior Sigil of Air,222,1801,1550,1974
73349,Recipe: Svaard's Greaves,21,756,752,2986
77040,Recipe: Svaard's Striders,45,216,204,2387
24575,Superior Sigil of Bloodlust,122,1054,1278,1689
24548,Superior Sigil of Fire,122,741,949,1392
24277,Pile of Crystalline Dust,250,1802,1141,1160
24765,Superior Rune of Balthazar,24,770,464,900
24618,Superior Sigil of Accuracy,33,4071,4811,5899
24624,Superior Sigil of Smoldering,24,2077,2349,2928
24561,Superior Sigil of Rage,16,260,412,581
96284,Saltspray Sword,2,3173,3175,4502
95864,Jade Bot Core: Tier 5,1,108918,82571,130000
24762,Superior Rune of the Krait,12,23904,25703,34374
97270,Saltspray Axe,1,2918,2532,4347
24797,Superior Rune of the Flame Legion,2,626,935,1505
36053,Superior Sigil of the Night,1,4491,5001,7490
84,Zhed's Coat,44,4518,11106,15444
2693,Zhed's Mantle,19,5213,10127,16760
72977,Recipe: Svaard's Epaulets,17,1116,1116,5870
76290,Recipe: Svaard's Wristguards,15,710,711,5999
2539,Zhed's Leggings,44,3788,10015,17303
24612,Superior Sigil of Agony,144,1605,1240,1889
75915,Recipe: Svaard's Visor,9,33,32,3990
96955,Saltspray Greatsword,44,3418,3168,5386
27328,Ebonblade,33,3622,4554,6793
96299,Jade Bot Core: Tier 8,4,236987,184478,250000
2693,Zhed's Mantle,33,5543,10127,16760
1637,Devona's Helm,44,3786,5676,8885
96467,Jade Bot Core: Tier 6,4,138271,119596,148999
44976,Impaler,44,5215,6610,10089
2128,Devona's Pauldrons,20,4635,5790,8825
24551,Superior Sigil of Water,44,794,681,780
2128,Devona's Pauldrons,44,5376,5790,8825
95864,Jade Bot Core: Tier 5,6,108914,82571,130000
1858,Devona's Legplates,44,4558,6156,9391
72163,Recipe: Svaard's Breastplate,3,128,127,1800
2027,Zhed's Gloves,44,4350,8207,12500
1858,Devona's Legplates,44,4587,6156,9391
2128,Devona's Pauldrons,44,5418,5790,8825
2693,Zhed's Mantle,44,5545,10127,16760
1026,Devona's Chestguard,27,3581,5284,7794
576,Zhed's Boots,1,3644,13491,19999
75915,Recipe: Svaard's Visor,50,32,32,3990
70772,Recipe: Svaard's Masque,41,27,24,3191
84,Zhed's Coat,17,6564,11106,15444
1637,Devona's Helm,44,3923,5676,8885
72392,Recipe: Svaard's Shoulderguard,9,340,234,1771
576,Zhed's Boots,33,6567,13491,19999
2539,Zhed's Leggings,33,6441,10015,17303
24554,Superior Sigil of Air,14,1204,1550,1974
1026,Devona's Chestguard,6,3538,5284,7794
810,Devona's Greaves,8,3367,6736,10951
1026,Devona's Chestguard,1,5000,5284,7794
96070,Jade Bot Core: Tier 9,3,301104,230210,287999
24723,Superior Rune of the Eagle,55,2533,1658,2469
84,Zhed's Coat,21,6566,11106,15444
72822,Recipe: Svaard's Spire,22,51,104,665
84,Zhed's Coat,33,6578,11106,15444
2387,Zhed's Mask,30,6143,6070,9993
2027,Zhed's Gloves,33,6177,8207,12500
2387,Zhed's Mask,33,6168,6070,9993
73987,Recipe: Svaard's Leggings,10,106,105,986
73586,Recipe: Svaard's Guise,2,498,495,2407
73586,Recipe: Svaard's Guise,11,507,495,2407
76968,Recipe: Svaard's Tassets,15,106,100,2417
71179,Recipe: Svaard's Warhammer,19,47,48,890
75140,Recipe: Svaard's Short Bow,18,27,27,739
73165,Recipe: Svaard's Claymore,8,116,115,1496
72392,Recipe: Svaard's Shoulderguard,19,345,234,1771
75709,Recipe: Svaard's Warfists,10,115,114,5773
97284,Jade Bot Core: Tier 3,5,67430,55131,79999
95582,Scavenger Protocol: Might Trophies,3,107572,66593,84081
96284,Saltspray Sword,3,3048,3175,4502
97270,Saltspray Axe,1,2774,2532,4347
208,Nika's Boots,16,13509,11814,18900
96628,Jade Bot Core: Tier 4,5,88597,65058,90000
72163,Recipe: Svaard's Breastplate,14,125,127,1800
76134,Recipe: Svaard's Impaler,12,206,80,1328
24578,Superior Sigil of Corruption,66,341,395,539
97041,Jade Bot Core: Tier 2,8,39749,31036,39999
24624,Superior Sigil of Smoldering,73,2029,2349,2928
24548,Superior Sigil of Fire,44,877,949,1392
2693,Zhed's Mantle,17,5540,10127,16760
24839,Superior Rune of the Water,4,50525,46054,55684
1637,Devona's Helm,15,4849,5676,8885
24658,Superior Sigil of Serpent Slaying,3,293,329,462
75919,Fractal Encryption,2000,1797,1989,2279
73830,Recipe: Svaard's Greatbow,14,122,121,1241
76290,Recipe: Svaard's Wristguards,12,727,711,5999
76180,Recipe: Svaard's Reaver,10,119,118,1275
73165,Recipe: Svaard's Claymore,8,117,115,1496
72610,Recipe: Svaard's Revolver,9,78,90,599
72413,Recipe: Svaard's Artifact,11,169,170,1186
72931,Recipe: Svaard's Brazier,7,29,26,545
77119,Recipe: Svaard's Wand,8,67,64,1199
95864,Jade Bot Core: Tier 5,2,129183,82571,130000
75148,Recipe: Svaard's Breeches,10,190,192,3989
72832,Recipe: Svaard's Visage,5,885,890,6291
76635,Recipe: Svaard's Razor,5,131,92,1787
75603,Recipe: Svaard's Grips,6,1707,1604,9665
73086,Recipe: Svaard's Trident,8,65,103,555
1026,Devona's Chestguard,22,5597,5284,7794
73812,Recipe: Svaard's Bastion,3,26,25,731
70880,Recipe: Svaard's Blade,4,315,114,2276
75919,Fractal Encryption,600,1830,1989,2279
75919,Fractal Encryption,2000,1831,1989,2279
72576,Recipe: Svaard's Herald,1,102,103,372
646,Nika's Pauldrons,16,13168,12001,17489
1026,Devona's Chestguard,1,5875,5284,7794
2387,Zhed's Mask,13,6338,6070,9993
1637,Devona's Helm,14,5498,5676,8885
24612,Superior Sigil of Agony,2,2603,1240,1889
27020,Adam,10,3381,2148,4962
72463,Recipe: Svaard's Harpoon Gun,2,76,75,651