item_id,item_name,total_volume
75919,Fractal Encryption,5124.0
36041,Piece of Candy Corn,4750.0
49424,+1 Agony Infusion,2740.0
86378,Corsair Sharpening Stone,2000.0
19722,Elder Wood Log,1761.0
72339,Superior Sigil of Concentration,1698.0
24575,Superior Sigil of Bloodlust,1605.0
12147,Mushroom,1574.0
38460,Toy Sword Skin,1515.0
24560,Superior Sigil of Earth,1507.0
24554,Superior Sigil of Air,1399.0
84731,Piece of Unidentified Gear,1250.0
89140,Lucent Mote,1209.0
43319,Piece of Zhaitaffy,1165.0
24612,Superior Sigil of Agony,1071.0
24605,Superior Sigil of Geomancy,1051.0
87029,Avocado Smoothie,1043.0
12335,Rosemary Sprig,1041.0
24723,Superior Rune of the Eagle,1015.0
12506,Tarragon Leaves,1000.0
68634,Delicious Rice Ball,996.0
97102,Chunk of Pure Jade,991.0
43773,Quartz Crystal,978.0
2387,Zhed's Mask,834.0
24548,Superior Sigil of Fire,822.0
24624,Superior Sigil of Smoldering,810.0
24356,Large Fang,756.0
24277,Pile of Crystalline Dust,708.0
24281,Full Venom Sac,650.0
96955,Saltspray Greatsword,636.0
19684,Mithril Ingot,633.0
24292,Vial of Blood,631.0
84,Zhed's Coat,614.0
97339,Jade Bot Core: Tier 1,583.0
1637,Devona's Helm,578.0
24578,Superior Sigil of Corruption,539.0
2539,Zhed's Leggings,537.0
24618,Superior Sigil of Accuracy,534.0
2027,Zhed's Gloves,531.0
38458,Toy Staff Skin,515.0
79793,Bowl of Winterberry Seaweed Salad,514.0
24282,Potent Venom Sac,500.0
24286,Scale,500.0
24274,Pile of Radiant Dust,500.0
24294,Vial of Potent Blood,500.0
24293,Vial of Thick Blood,500.0
74328,Leaf Fossil,500.0
24341,Large Bone,500.0
68635,Steamed Red Dumpling,500.0
24273,Pile of Shimmering Dust,500.0
19724,Hard Wood Log,500.0
24350,Large Claw,500.0
2693,Zhed's Mantle,498.0
24765,Superior Rune of Balthazar,496.0
24521,Opal Crystal,494.0
67368,Sharpening Skull,488.0
50082,Powerful Potion of Slaying Scarlet's Armies,484.0
1858,Devona's Legplates,473.0
24567,Superior Sigil of Frailty,469.0
810,Devona's Greaves,468.0
1026,Devona's Chestguard,452.0
44976,Impaler,451.0
24475,Sapphire Crystal,440.0
47096,Crystalline Blade,429.0
24344,Bone,428.0
97270,Saltspray Axe,422.0
2128,Devona's Pauldrons,416.0
44941,Watchwork Sprocket,399.0
24354,Fang,390.0
24349,Sharp Claw,385.0
27020,Adam,385.0
24551,Superior Sigil of Water,378.0
24280,Venom Sac,377.0
27485,Deathwish,373.0
96284,Saltspray Sword,371.0
95710,Saltspray Dagger,370.0
208,Nika's Boots,370.0
24355,Sharp Fang,369.0
24298,Totem,357.0
86269,Powdered Rose Quartz,343.0
88118,Superior Rune of the Zephyrite,337.0
576,Zhed's Boots,334.0
646,Nika's Pauldrons,327.0
80,Nika's Mask,326.0
1333,Devona's Gauntlets,322.0
84505,Superior Sigil of Severance,318.0
96542,Spindrift Dagger,316.0
24703,Superior Rune of Infiltration,310.0
26395,Anura,309.0
125,Nika's Coat,304.0
24345,Heavy Bone,297.0
24324,Destroyer Core,292.0
1188,Nika's Leggings,282.0
73248,Stabilizing Matrix,280.0
96668,Leopard Fang,264.0
19721,Glob of Ectoplasm,255.0
83757,Congealed Putrescence,250.0
99842,Mist-Infused Maintenance Oil,250.0
24363,Engraved Totem,250.0
24296,Tiny Totem,250.0
24287,Smooth Scale,250.0
24519,Beryl Crystal,250.0
74266,Mussel,250.0
24352,Tiny Fang,250.0
24291,Vial of Thin Blood,250.0
24290,Vial of Weak Blood,250.0
19732,Hardened Leather Section,250.0
24272,Pile of Glittering Dust,250.0
24279,Small Venom Sac,250.0
24334,Pile of Vile Essence,250.0
74202,Barbed Thorn,250.0
19725,Ancient Wood Log,250.0
24299,Intricate Totem,250.0
24348,Claw,250.0
89271,Pile of Lucent Crystal,246.0
12535,Rutabaga,242.0
24836,Superior Rune of the Scholar,240.0
24658,Superior Sigil of Serpent Slaying,235.0
36053,Superior Sigil of the Night,231.0
714,Nika's Gloves,226.0
24473,Emerald Crystal,219.0
9586,18 Slot Mithril Box,218.0
66933,Foxfire Cluster,217.0
24583,Superior Sigil of Demons,216.0
44975,Shiverstone,207.0
79786,Steak with Winterberry Sauce,200.0
9438,Quality Sharpening Stone,194.0
19712,Ancient Wood Plank,194.0
24732,Superior Rune of Divinity,193.0
96471,Chunk of Petrified Echovald Resin,187.0
24474,Ruby Crystal,184.0
102558,Honey Flower,181.0
97781,Saltspray Staff,180.0
97676,Spindrift Axe,176.0
12537,Blackberry,174.0
67183,Ogre Sharpening Stone,172.0
86170,Superior Sigil of the Stars,170.0
66524,Nopal,169.0
102503,Lowland Pine Log,169.0
66637,Piece of Ambrite,167.0
26152,Usoku's Needle,165.0
96673,Saltspray Pistol,165.0
96113,Saltspray Hammer,149.0
96760,Spindrift Hammer,144.0
48884,Pristine Toxic Spore Sample,139.0
24592,Superior Sigil of Stamina,138.0
96384,Saltspray Mace,133.0
97041,Jade Bot Core: Tier 2,132.0
103279,Charged Titan Ore,132.0
91796,Cultivated Clove,131.0
24601,Superior Sigil of Battle,129.0
97434,Spindrift Staff,128.0
12544,Ghost Pepper,128.0
67531,Bountiful Sharpening Stone,127.0
24762,Superior Rune of the Krait,126.0
28262,Éibhear Dunn,126.0
91768,Varietal Clove Seed,125.0
83545,Pitcher of Desert-Spiced Coffee,123.0
70772,Recipe: Svaard's Masque,122.0
12534,Clove,121.0
75915,Recipe: Svaard's Visor,121.0
96290,Spindrift Greatsword,120.0
12396,Plate of Coriander Crusted Meat Dinner,120.0
27328,Ebonblade,118.0
97244,Saltspray Focus,118.0
12244,Oregano Leaf,117.0
24639,Superior Sigil of Paralyzation,115.0
12509,Seaweed,114.0
12547,Saffron Thread,111.0
24597,Superior Sigil of Hydromancy,111.0
571,Berserker's Seer Boots of the Dolyak,110.0
24711,Superior Rune of Vampirism,110.0
24471,Sunstone Nugget,110.0
44977,Cobalt,105.0
94413,Giver's Candy Cane Rifle of Concentration,104.0
24561,Superior Sigil of Rage,102.0
12505,Asparagus Spear,99.0
27338,Dhuumseal,98.0
74268,Mini Professor Mew,97.0
79638,Jailbroken,96.0
75241,Flax Fiber,96.0
97535,Scavenger Protocol: Magic Trophies,94.0
79776,Winterberry Sorbet,94.0
43358,Kralkachocolate Bar,90.0
24776,Superior Rune of Lyssa,88.0
12329,Yam,88.0
66522,Prickly Pear,87.0
94411,Giver's Candy Cane Shield of Concentration,86.0
95864,Jade Bot Core: Tier 5,85.0
95634,Crucible,84.0
100054,Viper's Abomination Torch,81.0
19976,Mystic Coin,80.0
77040,Recipe: Svaard's Striders,79.0
72315,Maguuma Burl,78.0
96403,Gate of Heaven,78.0
95582,Scavenger Protocol: Might Trophies,75.0
2070,Berserker's Seer Gloves of Vampirism,75.0
26541,Kryta's Embrace,74.0
76230,Recipe: Svaard's Doublet,74.0
97218,Spindrift Mace,73.0
44964,Entropy,73.0
97112,Spindrift Sword,72.0
89216,Charm of Skill,72.0
28430,Peasant's Solution,72.0
24523,Medallion of the Soldier,72.0
76180,Recipe: Svaard's Reaver,72.0
12333,Kale Leaf,71.0
93734,Shard of Crystallized Blood of Jormag,71.0
76166,Superior Rune of the Tempest,70.0
47083,Glimmerfang,68.0
97284,Jade Bot Core: Tier 3,68.0
96051,Saltspray's Voice,68.0
96467,Jade Bot Core: Tier 6,67.0
97561,Saltspray Scepter,67.0
96504,Spindrift Short Bow,66.0
95997,Final Verdict,66.0
97020,Jade Bot Core: Tier 7,66.0
97288,Spindrift Shield,66.0
28272,Eir's Longbow,66.0
104351,Sinister Scavenged Obsidian Spear,66.0
75148,Recipe: Svaard's Breeches,65.0
100173,Viper's Abomination Pistol,64.0
76635,Recipe: Svaard's Razor,63.0
20372,Demure Dye,63.0
100476,Viper's Abomination Dagger,62.0
73586,Recipe: Svaard's Guise,62.0
24664,Superior Sigil of Demon Slaying,62.0
70880,Recipe: Svaard's Blade,61.0
100868,Viper's Abomination Focus,61.0
9569,18 Slot Invisible Bag,60.0
49430,+7 Agony Infusion,60.0
87076,Bowl of Poultry Satay,59.0
96508,Obliterator,58.0
12234,Vanilla Bean,57.0
96978,Antique Summoning Stone,57.0
72832,Recipe: Svaard's Visage,57.0
76968,Recipe: Svaard's Tassets,56.0
24688,Superior Rune of the Lich,56.0
28591,Rhongomyniad,56.0
96179,Spindrift Rifle,55.0
44960,Bonetti's Rapier,55.0
75709,Recipe: Svaard's Warfists,55.0
20483,Old Penny Dye,55.0
20636,Purple Ice Dye,55.0
71179,Recipe: Svaard's Warhammer,55.0
74090,Pile of Flax Seeds,55.0
95923,Jade Assistant: Gliding Booster 1,54.0
81837,Oyster,54.0
25990,Serpentstone,54.0
24589,Superior Sigil of Speed,54.0
24609,Superior Sigil of Doom,53.0
102135,Mist-Infused Master Tuning Crystal,53.0
24315,Molten Lodestone,52.0
103427,Mursaat Obsidian Chunk,52.0
72655,Opulent Defender,52.0
43466,Potent Hardened Sharpening Stone,51.0
47099,The Hunt,50.0
12254,Raspberry,50.0
102003,Berserker's Serpent's Wrath Longbow,50.0
47092,Rivetwall,49.0
76290,Recipe: Svaard's Wristguards,49.0
44969,Lord Taeres's Shadow,49.0
24517,Medallion of the Magi,49.0
24791,Superior Rune of the Wurm,48.0
24797,Superior Rune of the Flame Legion,48.0
70842,Mordrem Lodestone,48.0
20448,Antique Olive Dye,48.0
36038,Trick-or-Treat Bag,48.0
72392,Recipe: Svaard's Shoulderguard,48.0
24339,Corrupted Core,47.0
100121,Viper's Abomination Greatsword,47.0
100866,Viper's Abomination Staff,47.0
24275,Pile of Luminous Dust,47.0
26380,Hypnotic Scepter,46.0
24729,Superior Rune of Hoelbrak,46.0
24531,Medallion of the Rabid,45.0
24562,Superior Sigil of Strength,45.0
24607,Superior Sigil of Energy,45.0
97832,Saltspray Warhorn,44.0
25964,Jaws of Death,44.0
89419,Giver's Candy Cane Pistol of Concentration,44.0
89404,Giver's Candy Cane Scepter of Concentration,44.0
96048,Haetae,44.0
96600,Bellkeeper's Staff,44.0
95784,Prosperity,44.0
24667,Superior Sigil of Wrath,44.0
76799,Pouch of Green Pigment,44.0
72163,Recipe: Svaard's Breastplate,42.0
24839,Superior Rune of the Water,42.0
9301,Heavy Miner's Bag,42.0
96088,Memory of Aurene,42.0
71692,Pouch of Red Pigment,42.0
96477,Mount Energy Booster 1,41.0
24316,Glacial Sliver,40.0
100281,Viper's Abomination Shield,40.0
72463,Recipe: Svaard's Harpoon Gun,40.0
87329,Holographic Super Drumstick,40.0
24317,Glacial Fragment,39.0
75140,Recipe: Svaard's Short Bow,39.0
101996,Berserker's Serpent's Wrath Spear,39.0
71952,Pouch of Yellow Pigment,39.0
24288,Large Scale,38.0
24476,Medallion of the Shaman,38.0
89999,Superior Rune of Fireworks,38.0
20480,Gold Dye,37.0
96722,Jade Runestone,37.0
100330,Berserker's Shattered Staff,37.0
71069,Piece of Mother-of-Pearl,37.0
100551,Viper's Abomination Sword,37.0
47909,Candy Corn Cob,36.0
75694,Pouch of Blue Pigment,36.0
82791,Superior Rune of the Deadeye,36.0
44950,Superior Sigil of Malice,36.0
101997,Berserker's Serpent's Wrath Greatsword,36.0
24756,Superior Rune of the Ogre,36.0
100494,Viper's Abomination Axe,36.0
81034,Magnanimous Sharpening Stone,35.0
24675,Superior Sigil of Smothering,35.0
72822,Recipe: Svaard's Spire,35.0
9591,20 Slot Orichalcum Box,34.0
100092,Viper's Abomination Short Bow,34.0
97766,Tahkayun's Blade,34.0
75862,Pouch of White Pigment,33.0
24865,Superior Sigil of Celerity,33.0
72413,Recipe: Svaard's Artifact,33.0
101968,Berserker's Serpent's Wrath Rifle,33.0
44956,Superior Rune of Tormenting,33.0
96299,Jade Bot Core: Tier 8,32.0
100493,Berserker's Shattered Greatsword,32.0
2538,Berserker's Seer Pants of the Traveler,32.0
89398,Giver's Candy Cane Sword of Concentration,32.0
24584,Superior Sigil of Benevolence,32.0
100428,Viper's Abomination Rifle,31.0
9287,Bag of Filched Goods,31.0
44989,Song of the Temptress,31.0
12163,Head of Garlic,31.0
19663,Bottle of Elonian Wine,31.0
12143,Egg,31.0
95904,Treasure Hunter Protocol 1,31.0
72610,Recipe: Svaard's Revolver,31.0
76134,Recipe: Svaard's Impaler,31.0
12134,Carrot,30.0
73830,Recipe: Svaard's Greatbow,30.0
73349,Recipe: Svaard's Greaves,30.0
95981,Spindrift Scepter,30.0
100770,Viper's Abomination Scepter,30.0
24678,Superior Sigil of Justice,30.0
77112,Pouch of Purple Pigment,29.0
2021,Berserker's Seer Gloves of the Centaur,29.0
76179,Freshwater Pearl,28.0
82,Berserker's Seer Coat of the Afflicted,28.0
24582,Superior Sigil of Life,28.0
104345,Sinister Scavenged Obsidian Greatsword,28.0
97481,Unity,28.0
96628,Jade Bot Core: Tier 4,28.0
49432,+9 Agony Infusion,28.0
24615,Superior Sigil of Force,27.0
75270,Pouch of Orange Pigment,27.0
73086,Recipe: Svaard's Trident,27.0
74982,Pouch of Brown Pigment,27.0
20661,Blue Ice Dye,27.0
97742,Saltspray Rifle,26.0
94431,Giver's Candy Cane Focus of Concentration,26.0
73165,Recipe: Svaard's Claymore,26.0
24672,Superior Sigil of Mad Scientists,26.0
83338,Superior Rune of the Firebrand,26.0
2692,Berserker's Seer Mantle of Vampirism,25.0
20604,Lilac Dye,25.0
82876,Superior Sigil of Frenzy,24.0
71425,Superior Rune of the Berserker,24.0
48735,Xanthium of Dreams,24.0
95676,Spindrift Longbow,24.0
91,Carrion Seer Coat of the Afflicted,24.0
77119,Recipe: Svaard's Wand,24.0
44947,Superior Sigil of Renewal,24.0
9571,20 Slot Gossamer Bag,24.0
96255,Saltspray Short Bow,23.0
100584,Viper's Abomination Hammer,23.0
71254,Recipe: Svaard's Pauldrons,23.0
44985,Crystal Guardian,23.0
24325,Destroyer Lodestone,23.0
100156,Berserker's Shattered Short Bow,23.0
95995,Skoll and Hati,23.0
24699,Superior Rune of the Dolyak,22.0
70426,Pouch of Black Pigment,22.0
20316,Black Lion Chest,22.0
24533,Crest of the Shaman,22.0
73987,Recipe: Svaard's Leggings,22.0
91751,Cut of Quality Red Meat,21.0
27798,Trosa's Short Bow,21.0
102655,Titan Heatstone,21.0
24314,Molten Core,20.0
66670,Lump of Raw Ambrite,20.0
75603,Recipe: Svaard's Grips,20.0
72977,Recipe: Svaard's Epaulets,20.0
24818,Superior Rune of the Thief,20.0
100916,Relic of the Thief,20.0
104761,Lightborne Spear,20.0
2403,Berserker's Seer Mask of Rage,20.0
86997,Plate of Beef Rendang,19.0
36065,Recipe: Superior Sigil of the Night,19.0
72931,Recipe: Svaard's Brazier,19.0
9281,Supply Bag,19.0
9278,Tiny Supply Bag,19.0
38135,Flawless Snowflake,18.0
100674,Berserker's Shattered Rifle,18.0
85384,Touch of Madness,18.0
97359,Spindrift Warhorn,18.0
101963,Berserker's Serpent's Wrath Pistol,18.0
12144,Snow Truffle,17.0
20530,Sage Dye,17.0
96070,Jade Bot Core: Tier 9,16.0
20650,Cobalt Dye,16.0
24708,Superior Rune of Mercy,16.0
102024,Berserker's Serpent's Wrath Sword,16.0
102039,Berserker's Serpent's Wrath Focus,16.0
102050,Berserker's Serpent's Wrath Axe,16.0
24313,Molten Shard,16.0
38467,Slingshot Skin,15.0
76509,Recipe: Svaard's Footwear,15.0
46738,Deldrimor Steel Ingot,15.0
99106,Halloween Prize Bag,15.0
36084,Spicy Pumpkin Cookie,14.0
102014,Berserker's Serpent's Wrath Staff,14.0
74326,Superior Sigil of Transference,14.0
101981,Berserker's Serpent's Wrath Shield,14.0
24360,Slab of Poultry Meat,14.0
9365,Heavy Icy Bag,14.0
100947,Relic of Fireworks,14.0
24599,Superior Sigil of Leeching,14.0
27638,Magmaton,13.0
24648,Superior Sigil of Grawl Slaying,13.0
96871,Skiff Supercharger 1,13.0
73679,Berserker's Seer's Warstaff,12.0
48911,Superior Sigil of Torment,12.0
20725,Sour Dye,12.0
26135,Moonshank,12.0
100085,Berserker's Shattered Warhorn,12.0
100088,Berserker's Shattered Shield,12.0
47094,Serpentsniper,12.0
848,Koss' Greaves,12.0
24821,Superior Rune of the Warrior,12.0
97204,Spindrift Torch,12.0
82582,Sliver of Twitching Forgemetal,12.0
104,Norgu's Coat,12.0
96146,Harmony,12.0
104473,Sinister Scavenged Obsidian Sword,12.0
9349,Heavy Bag of Booty,12.0
99293,Jolly Wintersday Gift,11.0
24524,Crest of the Soldier,10.0
24532,Crest of the Rabid,10.0
47087,Al'ir'aska,10.0
73812,Recipe: Svaard's Bastion,10.0
9280,Light Supply Bag,10.0
72576,Recipe: Svaard's Herald,10.0
72119,Berserker's Ley Guard's Protector,10.0
49434,+11 Agony Infusion,10.0
100572,Viper's Abomination Warhorn,10.0
76135,Bowl of Prickly Pear Tapioca Pudding,9.0
2135,Brutus' Pauldrons,9.0
48717,Aetherkey Piece,9.0
24518,Crest of the Magi,9.0
46743,Xunlai Electrum Ingot,9.0
100090,Relic of the Dragonhunter,8.0
1641,Brutus' Helm,8.0
49433,+10 Agony Infusion,8.0
100042,Berserker's Shattered Scepter,8.0
73430,Tattered Bat Wing,8.0
20647,Ancient Silver Dye,8.0
24809,Superior Sigil of Ghost Slaying,7.0
79,Berserker's Seer Coat of the Traveler,7.0
46739,Elonian Leather Square,7.0
76100,Superior Rune of the Herald,7.0
9296,Light Miner's Bag,7.0
49426,+3 Agony Infusion,7.0
66539,Bowl of Prickly Pear Sorbet,7.0
96992,Recycler: Jade Slivers,7.0
89103,Charm of Brilliance,7.0
9361,Icy Bag,7.0
9371,Medium Moldy Bag,7.0
24572,Superior Sigil of Nullification,6.0
104787,Lightborne Sword,6.0
100659,Relic of the Water,6.0
1644,Koss' Helm,6.0
44990,Razah's Nightmare,6.0
67181,Recipe: Superior Sigil of Cruelty,6.0
9574,20 Slot Invisible Bag,6.0
49431,+8 Agony Infusion,6.0
66538,Prickly Pear Pie,6.0
24696,Superior Rune of the Flock,6.0
100148,Relic of Speed,6.0
104691,Lightborne Mace,6.0
99653,Xunlai Deep-Mining Hand Drill,6.0
80978,Bloody Red Dye,6.0
27791,Éibhear Finn,6.0
97572,Rescue Protocol Recharge 1,6.0
1865,Koss' Legplates,5.0
38062,Festive Golem Tonic,5.0
96151,Tale of Adventure,5.0
24305,Charged Lodestone,5.0
76833,Writ of Masterful Accuracy,5.0
74925,Recipe: Svaard's Musket,5.0
70992,Jeweled Damask Patch,5.0
9326,Bag of Testing Materials,5.0
24320,Glacial Lodestone,5.0
9311,Small Bag of Trinkets,5.0
24340,Corrupted Lodestone,5.0
44986,Komalie's Sacrificial Blade,5.0
9305,Stolen Supplies Bag,5.0
8873,Potent Potion of Ogre Slaying,5.0
8864,Potent Potion of Flame Legion Slaying,5.0
19731,Rugged Leather Section,5.0
9279,Small Supply Bag,5.0
100368,Relic of the Scourge,4.0
24310,Onyx Lodestone,4.0
93640,Berserker's Stormcaller Greatsword,4.0
100849,Relic of the Aristocracy,4.0
2141,Koss' Pauldrons,4.0
100219,Relic of the Herald,4.0
101271,Grieving Consecrated Saryx Dagger,4.0
2543,Ogden's Leggings,4.0
89696,Exquisite Serpentite Jewel,4.0
99719,Repurposed Drill Leveler,4.0
100311,Relic of the Ogre,4.0
97091,Spindrift Pistol,4.0
97602,Demise of the Dragon,4.0
101257,Grieving Consecrated Saryx Warhorn,4.0
9373,Heavy Moldy Bag,4.0
66993,Grow Lamp,4.0
104859,Lightborne Axe,4.0
44984,Crustacea,4.0
102023,Berserker's Serpent's Wrath Torch,4.0
97790,Lamplighter's Badge,4.0
9334,Tiny Thorned Bag,4.0
104860,Lightborne Greatsword,4.0
24580,Superior Sigil of Perception,4.0
27644,Ironfist,4.0
9335,Small Thorned Bag,3.0
9358,Tiny Icy Bag,3.0
9298,Miner's Sack,3.0
9289,Bag of Purloined Goods,3.0
24455,Skritt Artifact,3.0
12753,Unidentified Purple Dye,3.0
12754,Unidentified Red Dye,3.0
70477,Berserker's Lightward's Battlestaff,3.0
19189,Caledon Lavender,3.0
96464,Fallen Branch,3.0
9359,Small Icy Bag,3.0
48907,Superior Rune of Antitoxin,3.0
101995,Berserker's Serpent's Wrath Scepter,3.0
20323,Unidentified Dye,3.0
74826,Recipe: Svaard's Flanged Mace,3.0
101214,Grieving Consecrated Saryx Sword,3.0
101162,Grieving Consecrated Saryx Axe,3.0
24571,Superior Sigil of Purity,3.0
46710,Rabid Intricate Gossamer Insignia,3.0
24617,Major Sigil of Accuracy,2.0
75689,Krytan Lumber Core,2.0
27641,The Ugly Stick,2.0
46687,Magi's Orichalcum Imbued Inscription,2.0
99787,Mist-Hardened Lockbox,2.0
27634,The Punisher,2.0
103530,Kodan Cache Key,2.0
24692,Major Rune of the Traveler,2.0
86316,Rose Quartz,2.0
24581,Major Sigil of Life,2.0
24590,Major Sigil of Luck,2.0
24602,Major Sigil of Battle,2.0
44479,Resplendent Watchwork Box,2.0
46711,Magi's Intricate Gossamer Insignia,2.0
45151,Errol's Mask,2.0
24635,Major Sigil of Debility,2.0
46684,Shaman's Orichalcum Imbued Inscription,2.0
24826,Major Rune of the Trooper,2.0
75448,Alpine Lumber Core,2.0
24793,Major Rune of Svanir,2.0
100739,Relic of the Reaper,2.0
100542,Relic of the Cavalier,2.0
100794,Relic of Resistance,2.0
28266,Bow of the White Hart,2.0
2664,Strong Cabalist Legs of Grenth,2.0
44962,King's Remembrance,2.0
101247,Grieving Consecrated Saryx Mace,2.0
12745,Unidentified Purple Dye,2.0
9372,Large Moldy Bag,2.0
101973,Berserker's Serpent's Wrath Dagger,2.0
48729,Monkshood of Dreams,2.0
104705,Lightborne Staff,2.0
48737,Haunting Cap of Dreams,2.0
49435,+12 Agony Infusion,2.0
9275,Medium Ritual Bag,2.0
67375,Polyluminescent Undulating Refractor (Black),2.0
123,Zho's Mask,2.0
67386,Unopened Endless Bottle of Batwing Brew,2.0
9297,Miner's Bag,2.0
104721,Lightborne Rifle,2.0
71630,Berserker's Lightward's Battlehammer,2.0
104918,Lightborne Torch,2.0
26874,Kodanroar,2.0
24738,Superior Rune of Scavenging,2.0
100429,Relic of Mercy,2.0
24318,Glacial Shard,2.0
93,Shiro's Mask,2.0
100474,Viper's Abomination Mace,2.0
100450,Relic of the Chronomancer,2.0
1349,Koss' Gauntlets,2.0
24496,Exquisite Chrysocola Jewel,2.0
9491,15 Slot Invisible Bag,2.0
24328,Crystal Shard,2.0
20460,Night Iris Dye,2.0
100435,Relic of the Earth,2.0
77316,Ghostly Infusion,2.0
95948,Turtle Siege Enhancer 1,2.0
100614,Relic of Evasion,2.0
99965,Relic of the Flock,2.0
24358,Ancient Bone,2.0
24638,Major Sigil of Paralyzation,2.0
24276,Pile of Incandescent Dust,2.0
24655,Superior Sigil of Ogre Slaying,2.0
97236,Spindrift Focus,2.0
24691,Superior Rune of the Traveler,2.0
100646,Valkyrie Eagle Eye Pistol,1.0
73257,Salvaged Puissance,1.0
24530,Talisman of Mending,1.0
24,Sealed Package of Snowballs,1.0
569,Berserker's Seer Boots of the Citadel,1.0
2024,Berserker's Seer Gloves of Rata Sum,1.0
1355,Jalis' Gauntlets,1.0
1339,Carrion Scallywag Gauntlets of the Afflicted,1.0
1218,Berserker's Sneakthief Leggings of Infiltration,1.0
834,Sheena's Greaves,1.0
675,Ravaging Banded Greaves of Balthazar,1.0
67180,Recipe: Superior Sigil of Cleansing,1.0
143,Carrion Sneakthief Coat of the Dolyak,1.0
495,Ravaging Conjurer Chest of Rata Sum,1.0
398,Berserker's Sneakthief Sandals of the Grove,1.0
323,Aidan's Boots,1.0
251,Vatlaaw's Coat,1.0
71398,Ascalonian Lumber Core,1.0
74947,Heavy Goo-Covered Bag,1.0
71641,Pile of Coarse Sand,1.0
82143,Forged Staff,1.0
100048,Relic of the Ice,1.0
97691,Dragon's Scale,1.0
1035,Brutus' Chestguard,1.0
1042,Koss' Chestguard,1.0
101381,Thundercrag Pistol Skin,1.0
100456,Sinister Saryx Greatsword,1.0
100244,Jar of Dangerous Spirits,1.0
99795,Anguish Dye,1.0
24642,Superior Sigil of Undead Slaying,1.0
24684,Superior Sigil of Sorrow,1.0
96900,Saltspray Longbow,1.0
96679,Saltspray Shield,1.0
36339,Ghastly Grinning Shield Skin,1.0
95704,Flame Serpent Hammer,1.0
95551,Abyss Stalker Focus Skin,1.0
44983,Arthropoda,1.0
92711,Fine Black Lion Dye Canister—Green,1.0
48730,Bloodlily of Dreams,1.0
88201,Sun-Touched Zephyrite Gloves,1.0
87313,Iboga Dye,1.0
68091,Ancient Wood Logging Node,1.0
68093,Ghost Pepper Harvesting Node,1.0
83736,Shorewatcher's Backup,1.0
82806,Hearty Sugar Rib,1.0
79063,Flaxseed Harvesting Node,1.0
49522,Dire Intricate Gossamer Insignia,1.0
81701,Queen Bee Infusion,1.0
91202,Peerless Infusion,1.0
77604,Wintersday Gift,1.0
77303,Ghostly Infusion,1.0
93566,Berserker's Stormcaller Axe,1.0
2046,Norgu's Gloves,1.0
2515,Ravaging Conjurer Mask of the Citadel,1.0
2338,Strong Cabalist Gloves of the Dolyak,1.0
2348,Honed Banded Pauldrons of the Citadel,1.0
24753,Superior Rune of the Ice,1.0
24761,Major Rune of the Krait,1.0
24767,Major Rune of Dwayna,1.0
24782,Superior Rune of the Privateer,1.0
23246,Penetrating Ring,1.0
24820,Major Rune of the Warrior,1.0
23243,Strong Ring,1.0
25958,Knot of Justice,1.0
25971,Maw of the Damned,1.0
26106,Strong Iron Mace of Chilling,1.0
26151,Rampager's Iron Dagger of Debility,1.0
26345,Hearty Iron Dagger of Leeching,1.0
26366,Cleric's Iron Dagger of Agony,1.0
26379,Berserker's Soft Wood Scepter of Bloodlust,1.0
26503,Cleric's Iron Sword of Force,1.0
26544,Guardian of the Six,1.0
26559,Rampager's Iron Shield of Serpent Slaying,1.0
26693,Ruinmaker,1.0
26706,Dragonshot,1.0
24752,Major Rune of the Ice,1.0
24746,Major Rune of the Fire,1.0
24736,Minor Rune of Scavenging,1.0
24644,Major Sigil of Centaur Slaying,1.0
24577,Major Sigil of Corruption,1.0
24515,Emerald Orb,1.0
24511,Chrysocola Crystal,1.0
24598,Major Sigil of Leeching,1.0
24604,Major Sigil of Geomancy,1.0
24620,Major Sigil of Peril,1.0
24634,Minor Sigil of Debility,1.0
24640,Minor Sigil of Undead Slaying,1.0
24656,Major Sigil of Ogre Slaying,1.0
24731,Major Rune of Divinity,1.0
24659,Major Sigil of Serpent Slaying,1.0
24669,Minor Sigil of Wrath,1.0
24690,Major Rune of the Lich,1.0
24695,Major Rune of the Flock,1.0
24701,Major Rune of the Pack,1.0
24710,Major Rune of Vampirism,1.0
24712,Minor Rune of Strength,1.0
24718,Minor Rune of Speed,1.0
26808,Honed Iron Shield of Corruption,1.0
27007,Mojo,1.0
27184,Beacon of the True Legions,1.0
2556,Khilbron's Leggings,1.0
44992,Monsoon,1.0
45147,Jatoro's Mantle,1.0
45152,Errol's Leggings,1.0
46686,Rabid Orichalcum Imbued Inscription,1.0
9266,Hidden Trove,1.0
8901,Phantasmal Tonic,1.0
2676,Honed Conjurer Pants of Rage,1.0
46712,Soldier's Intricate Gossamer Insignia,1.0
2555,Berserker's Seer Pants of Grenth,1.0
9332,Bag of Theoretical Materials,1.0
47088,Bite of the Ebon Viper,1.0
47089,Scorchrazor's Fist,1.0
47091,Faithful,1.0
47757,Dire Aureate Dirk of Air,1.0
2520,Honed Conjurer Mask of Melandru,1.0
24555,Superior Sigil of Ice,1.0
48905,Toxic Spore Skin,1.0
2397,Tahlkora's Mask,1.0
9330,Bag of Provisional Materials,1.0
44028,Aetherized Scepter Skin,1.0
27261,Strong Soft Wood Focus of Fire,1.0
20549,Swamp Grass Dye,1.0
27581,Hearty Iron Greatsword of Ice,1.0
22331,Salvageable Hide,1.0
21683,Valuable Metal Scrap,1.0
28258,Berserker's Soft Wood Longbow of Purity,1.0
28275,Droknar's Recurve Bow,1.0
28521,Honed Soft Wood Longbow of Hobbling,1.0
28797,Cleric's Iron Spear of Peril,1.0
32324,Legionnaire Firebrand,1.0
20503,Far Mountain Dye,1.0
44013,Aetherized Hammer Skin,1.0
37851,Soldier's Spineguard,1.0
20470,Green Apple Dye,1.0
20388,Adobe Dye,1.0
38579,Magi's Aureate Staff,1.0
41737,Salvageable Fused Metal Scrap,1.0
42003,Ballista Blueprint,1.0
20370,Sky Dye,1.0
19913,Berserker's Intricate Gossamer Insignia,1.0
104228,Imperial Everbloom Spear Skin,1.0
